level	page_num	block_num	par_num	line_num	word_num	left	top	width	height	conf	text
1	1	0	0	0	0	0	0	5788	7488	-1	
2	1	1	0	0	0	1515	127	4227	7312	-1	
3	1	1	1	0	0	1519	127	4223	7312	-1	
4	1	1	1	1	0	1920	127	2137	114	-1	
5	1	1	1	1	1	1920	151	237	90	90.786217	महाराष्ट्र
5	1	1	1	1	2	2185	151	156	61	95.933800	राज्य
5	1	1	1	1	3	2365	127	139	81	93.293365	मार्ग
5	1	1	1	1	4	2533	127	261	90	86.921600	परिबहन
5	1	1	1	1	5	2819	127	629	102	91.049545	महामंडळ,अमरावती
5	1	1	1	1	6	3473	127	224	81	96.407127	विभाग
5	1	1	1	1	7	3726	127	331	85	96.322479	अमरावती.
4	1	1	1	2	0	2774	274	433	77	-1	
5	1	1	1	2	1	2774	274	212	77	96.453560	बडनेरा
5	1	1	1	2	2	3015	298	192	53	96.599503	आगार
4	1	1	1	3	0	2684	400	617	78	-1	
5	1	1	1	3	1	2684	400	253	78	94.937057	राजापेठ
5	1	1	1	3	2	2958	425	343	53	94.715775	बसस्थानक
4	1	1	1	4	0	2860	527	290	78	-1	
5	1	1	1	4	1	2860	527	290	78	84.551140	वेळापत्रक
4	1	1	1	5	0	1699	658	2758	77	-1	
5	1	1	1	5	1	1699	670	249	49	78.766327	यवतमाळ
5	1	1	1	5	2	2001	658	176	45	58.712254	मार्गावरिल्
5	1	1	1	5	3	2287	670	164	61	81.576523	गाड्या
5	1	1	1	5	4	2659	646	367	93	16.697731	[अकोला
5	1	1	1	5	5	3054	646	262	93	75.570251	मार्गावरिल
5	1	1	1	5	6	3342	670	167	61	80.388336	गाड्या
5	1	1	1	5	7	3635	646	246	93	72.222702	[वाशिम
5	1	1	1	5	8	3920	646	303	93	71.359367	मार्गावरिल्ल
5	1	1	1	5	9	4237	670	163	61	89.045265	गाड्या
5	1	1	1	5	10	4431	646	30	93	85.956978	।
4	1	1	1	6	0	1891	772	1712	82	-1	
5	1	1	1	6	1	1891	772	118	49	90.611397	६.००,
5	1	1	1	6	2	2026	772	118	49	54.868629	6.94
5	1	1	1	6	3	2165	772	114	49	93.228996	६.३०,
5	1	1	1	6	4	2300	772	114	49	74.343796	६.४५,
5	1	1	1	6	5	2435	776	118	45	31.353333	co,
5	1	1	1	6	6	3092	817	164	37	20.651306	नि
5	1	1	1	6	7	3362	813	102	41	15.475113	tte
5	1	1	1	6	8	3546	817	57	37	5.079582	tis
4	1	1	1	7	0	1891	846	1725	53	-1	
5	1	1	1	7	1	1891	850	118	49	50.529938	७.१५.
5	1	1	1	7	2	2026	850	118	49	83.101898	6.39,
5	1	1	1	7	3	2161	854	118	45	52.765636	2.00,
5	1	1	1	7	4	2312	854	41	37	10.242767	टॅ.
5	1	1	1	7	5	2390	854	40	45	10.242767	१५
5	1	1	1	7	6	2447	854	118	45	62.770439	2.45,
5	1	1	1	7	7	3125	846	8	8	31.164665	Re
5	1	1	1	7	8	3199	850	8	12	5.365616	व
5	1	1	1	7	9	3334	850	12	12	23.856674	अ
5	1	1	1	7	10	3422	846	1	8	0.000000	ह
5	1	1	1	7	11	3607	850	9	12	19.882721	ae
4	1	1	1	8	0	3097	887	461	40	-1	
5	1	1	1	8	1	3097	887	53	40	77.722977	१०
5	1	1	1	8	2	3170	895	53	24	5.715683	oo
5	1	1	1	8	3	3264	891	66	36	66.842941	fo
5	1	1	1	8	4	3342	887	53	40	48.737984	FG
5	1	1	1	8	5	3432	887	45	40	72.894852	FE
5	1	1	1	8	6	3505	895	53	24	49.768829	oo
4	1	1	1	9	0	1891	923	1683	82	-1	
5	1	1	1	9	1	1891	923	118	49	67.563690	२.००
5	1	1	1	9	2	2026	923	118	49	57.043388	९१७
5	1	1	1	9	3	2165	923	114	49	82.045425	8.30,
5	1	1	1	9	4	2300	923	114	49	77.370682	९.४५,
5	1	1	1	9	5	2439	927	143	45	69.151573	१०.००,
5	1	1	1	9	6	3097	964	49	41	80.951881	१९
5	1	1	1	9	7	3174	923	65	82	63.560459	30.
5	1	1	1	9	8	3264	964	49	41	73.326904	१९
5	1	1	1	9	9	3338	923	69	82	19.188553	We,
5	1	1	1	9	10	3432	964	49	41	55.921520	९२
5	1	1	1	9	11	3509	923	65	82	4.260017	8,
4	1	1	1	10	0	1895	1001	1680	49	-1	
5	1	1	1	10	1	1895	1001	143	49	54.376343	1०७३3०
5	1	1	1	10	2	2063	1005	143	45	39.104076	foWS
5	1	1	1	10	3	2230	1001	143	49	52.913826	1२.3०,
5	1	1	1	10	4	2398	1001	143	49	13.453018	iS,
5	1	1	1	10	5	3158	1001	172	12	11.073372	en
5	1	1	1	10	6	3489	1001	8	4	13.575600	सियी
4	1	1	1	11	0	3097	744	888	702	-1	
5	1	1	1	11	1	3097	1038	143	49	67.081360	3.00,
5	1	1	1	11	2	3264	1038	143	49	68.915085	१३.३०
5	1	1	1	11	3	3432	1038	143	49	65.523987	१४.३०.
5	1	1	1	11	4	3693	744	292	702	20.707771	-
4	1	1	1	12	0	1527	1062	2767	62	-1	
5	1	1	1	12	1	1527	1079	221	36	90.231544	यवतमाळ
5	1	1	1	12	2	1781	1087	8	28	31.558121	:
5	1	1	1	12	3	1895	1075	143	49	53.699821	|॥१३.३०,
5	1	1	1	12	4	2063	1079	143	45	90.603455	१४.००,
5	1	1	1	12	5	2230	1075	143	49	59.006802	१४.१५,
5	1	1	1	12	6	2398	1075	143	49	90.288399	१४.३०,
5	1	1	1	12	7	2672	1062	167	53	87.871429	अकोला
5	1	1	1	12	8	2872	1087	8	28	90.769737	:
5	1	1	1	12	9	3697	1075	135	40	86.336151	कधार
5	1	1	1	12	10	3865	1087	8	28	89.151253	:
5	1	1	1	12	11	4024	1079	25	36	53.195374	4
5	1	1	1	12	12	4057	1075	82	49	53.195374	Jo,
5	1	1	1	12	13	4163	1075	131	40	59.361732	१७.३०
4	1	1	1	13	0	3097	1115	478	49	-1	
5	1	1	1	13	1	3097	1115	16	41	18.747055	१४.
5	1	1	1	13	2	3125	1120	115	44	18.747055	वण
5	1	1	1	13	3	3264	1115	143	49	63.316921	१७००,
5	1	1	1	13	4	3435	1115	62	41	0.000000	Fa.
5	1	1	1	13	5	3509	1120	66	44	4.541763	४ण,
4	1	1	1	14	0	1895	1152	1667	78	-1	
5	1	1	1	14	1	1895	1152	143	49	85.885086	१४.४५
5	1	1	1	14	2	2063	1152	143	49	58.243790	१५.१७
5	1	1	1	14	3	2230	1152	143	49	58.664398	१५४७
5	1	1	1	14	4	2398	1152	49	41	57.860012	PE
5	1	1	1	14	5	2455	1160	86	41	52.932182	oo
5	1	1	1	14	6	3097	1189	53	41	12.194183	तच
5	1	1	1	14	7	3174	1189	53	41	36.457787	bes
5	1	1	1	14	8	3264	1189	53	41	72.987595	16
5	1	1	1	14	9	3338	1189	53	41	63.789066	उत
5	1	1	1	14	10	3432	1189	49	41	31.399216	fa
4	1	1	1	15	0	1895	1222	1680	85	-1	
5	1	1	1	15	1	1895	1226	143	49	55.862457	१६,३3०,
5	1	1	1	15	2	2063	1226	143	49	70.289917	१७.१७,
5	1	1	1	15	3	2230	1226	143	49	54.972496	१७.3०
5	1	1	1	15	4	2398	1226	143	49	78.990059	१७.४७.
5	1	1	1	15	5	3097	1222	143	85	34.671303	नि
5	1	1	1	15	6	3264	1226	143	81	63.051353	१८.४७.
5	1	1	1	15	7	3432	1226	143	81	80.317291	१९.००,
4	1	1	1	16	0	1895	1299	1680	53	-1	
5	1	1	1	16	1	1895	1307	143	45	77.667389	१८.००,
5	1	1	1	16	2	2063	1303	143	49	64.346008	१८.१७,
5	1	1	1	16	3	2230	1307	143	45	40.312401	१८.४५,
5	1	1	1	16	4	2398	1303	143	49	77.959671	१९.००,
5	1	1	1	16	5	3158	1299	82	17	36.956715	आ
5	1	1	1	16	6	3321	1303	176	13	41.858746	हाका
5	1	1	1	16	7	3567	1303	8	13	16.904709	च
4	1	1	1	17	0	3092	1340	135	41	-1	
5	1	1	1	17	1	3092	1340	135	41	57.317017	२०.१५
4	1	1	1	18	0	1895	1377	294	49	-1	
5	1	1	1	18	1	1895	1377	143	49	74.795547	1९.3०
5	1	1	1	18	2	2059	1377	69	41	18.123688	ब०.
5	1	1	1	18	3	2136	1377	53	41	54.684959	3०
4	1	1	1	19	0	3092	1463	524	49	-1	
5	1	1	1	19	1	3092	1463	115	49	49.638145	७.१५,
5	1	1	1	19	2	3227	1467	119	45	66.997467	७.४५,
5	1	1	1	19	3	3362	1467	41	37	39.833870	टॅ.
5	1	1	1	19	4	3415	1463	66	49	39.833870	१७,
5	1	1	1	19	5	3497	1467	119	45	62.836014	2.45,
4	1	1	1	20	0	2668	1522	874	137	-1	
5	1	1	1	20	1	2668	1522	237	137	57.501244	dim
5	1	1	1	20	2	3092	1536	115	49	53.398685	214
5	1	1	1	20	3	3231	1536	143	49	4.636528	{o.oo
5	1	1	1	20	4	3399	1536	65	41	51.714027	fo
5	1	1	1	20	5	3477	1536	65	49	61.810490	१५,
4	1	1	1	21	0	1527	1598	2767	81	-1	
5	1	1	1	21	1	1527	1598	176	53	90.752693	किनवट
5	1	1	1	21	2	1732	1622	8	29	90.861496	:
5	1	1	1	21	3	1891	1614	118	49	0.341324	3०,
5	1	1	1	21	4	2026	1618	118	45	13.199905	5.00,
5	1	1	1	21	5	2169	1614	127	41	76.592224	१४.७०
5	1	1	1	21	6	2672	1598	233	57	86.541382	औरंगाबाद
5	1	1	1	21	7	2937	1622	12	29	92.733856	:
5	1	1	1	21	8	3097	1618	143	45	86.796265	१०.४७,
5	1	1	1	21	9	3264	1614	143	49	92.776810	११.००,
5	1	1	1	21	10	3432	1614	143	49	76.344704	११.१७,
5	1	1	1	21	11	3697	1598	164	81	17.713860	[TIT
5	1	1	1	21	12	3894	1622	8	29	13.646584	:
5	1	1	1	21	13	4024	1614	115	49	62.442902	|६.००,
5	1	1	1	21	14	4163	1614	131	41	96.188385	१७.००
4	1	1	1	22	0	3097	1687	478	49	-1	
5	1	1	1	22	1	3097	1687	143	49	42.570557	2.45
5	1	1	1	22	2	3264	1687	143	49	68.521286	१3.००,
5	1	1	1	22	3	3432	1687	16	41	3.263969	१३.
5	1	1	1	22	4	3460	1687	115	49	3.263969	२ण,
4	1	1	1	23	0	3097	1765	465	41	-1	
5	1	1	1	23	1	3097	1765	130	41	52.189278	१४.१५
5	1	1	1	23	2	3264	1765	131	41	59.845261	१४४५७
5	1	1	1	23	3	3432	1765	130	41	63.821415	१७.१७
4	1	1	1	24	0	1891	1830	707	41	-1	
5	1	1	1	24	1	1891	1830	102	41	41.550362	७.3०,
5	1	1	1	24	2	2028	1826	39	58	58.682293	टॅ.
5	1	1	1	24	3	2075	1830	53	41	55.647606	3०.
5	1	1	1	24	4	2161	1835	106	36	76.148094	2.45,
5	1	1	1	24	5	2304	1835	65	36	65.763779	१०.
5	1	1	1	24	6	2381	1830	54	41	47.777817	१७
5	1	1	1	24	7	2471	1830	127	41	61.312469	११.४५
4	1	1	1	25	0	1527	1851	2416	86	-1	
5	1	1	1	25	1	1527	1855	180	57	93.178185	राळेगाव
5	1	1	1	25	2	1740	1879	8	29	92.667336	:
5	1	1	1	25	3	1997	1867	12	12	31.783569	न
5	1	1	1	25	4	2271	1867	8	12	33.224854	र
5	1	1	1	25	5	2439	1867	8	12	47.196102	:
5	1	1	1	25	6	2602	1867	12	12	0.000000	3
5	1	1	1	25	7	2668	1851	92	86	96.925636	पुणे
5	1	1	1	25	8	2790	1879	8	29	37.928547	न
5	1	1	1	25	9	3697	1855	205	57	90.947868	धार्माबाद
5	1	1	1	25	10	3934	1879	9	29	91.126053	:
4	1	1	1	26	0	1891	2280	974	90	-1	
5	1	1	1	26	1	1891	2284	118	49	63.779930	६.००
5	1	1	1	26	2	2026	2288	118	45	50.574932	¢.00,
5	1	1	1	26	3	2169	2284	143	49	28.801842	ff,00
5	1	1	1	26	4	2332	2284	147	49	59.552193	(१3.००
5	1	1	1	26	5	2668	2280	197	90	91.275719	जळगाव
4	1	1	1	27	0	1515	2268	2613	151	-1	
5	1	1	1	27	1	1515	2268	133	151	87.992531	पुसद
5	1	1	1	27	2	1684	2272	39	143	47.072548	:
5	1	1	1	27	3	2982	2337	8	8	75.856903	क
5	1	1	1	27	4	3865	2333	8	8	19.712051	ब
5	1	1	1	27	5	4102	2325	26	45	43.015930	yy
4	1	1	1	28	0	1519	2423	2938	90	-1	
5	1	1	1	28	1	1519	2423	356	65	47.316055	डि
5	1	1	1	28	2	1883	2423	772	65	25.414650	सय
5	1	1	1	28	3	2663	2423	413	65	22.454727	सा
5	1	1	1	28	4	3084	2423	601	65	4.341293	का
5	1	1	1	28	5	3693	2423	315	90	27.234657	आय
4	1	1	1	29	0	1519	2574	2938	65	-1	
5	1	1	1	29	1	1519	2574	356	65	23.469177	वि
5	1	1	1	29	2	1883	2574	772	65	0.000000	हा
5	1	1	1	29	3	2663	2574	413	65	0.000000	का
5	1	1	1	29	4	3084	2574	601	65	0.000000	(OO
5	1	1	1	29	5	3693	2574	315	65	6.463165	(OO
4	1	1	1	30	0	1519	2725	2938	66	-1	
5	1	1	1	30	1	1519	2725	2938	66	0.870361	डि
4	1	1	1	31	0	2659	2795	1349	89	-1	
5	1	1	1	31	1	2659	2795	82	89	49.818970	EL
5	1	1	1	31	2	3710	2795	130	89	52.095470	जितुर
5	1	1	1	31	3	3861	2795	151	89	20.872375	:___।
4	1	1	1	32	0	1519	2876	2938	66	-1	
5	1	1	1	32	1	1519	2876	2166	66	0.000000	ति
5	1	1	1	32	2	3693	2876	315	66	21.226776	OS
4	1	1	1	33	0	3092	3011	434	49	-1	
5	1	1	1	33	1	3092	3011	115	49	82.098595	७.१७
5	1	1	1	33	2	3227	3011	119	49	61.919514	8.95,
5	1	1	1	33	3	3383	3011	16	41	35.245216	१०
5	1	1	1	33	4	3411	3011	115	49	70.664742	3०,
4	1	1	1	34	0	3366	3089	461	81	-1	
5	1	1	1	34	1	3366	3089	29	37	66.626030	|
5	1	1	1	34	2	3693	3101	134	69	91.388420	नांदेड
4	1	1	1	35	0	1895	3085	2395	86	-1	
5	1	1	1	35	1	1895	3122	131	40	24.856575	mye
5	1	1	1	35	2	3097	3089	143	45	80.370300	१०.४७
5	1	1	1	35	3	3264	3085	143	49	64.003220	११.४७,
5	1	1	1	35	4	3432	3085	143	49	86.543518	१३.४७,
5	1	1	1	35	5	3697	3109	127	57	0.000000	नांदे
5	1	1	1	35	6	3853	3134	8	28	92.331978	:
5	1	1	1	35	7	4024	3122	115	49	22.127373	6960
5	1	1	1	35	8	4163	3122	127	40	36.750069	ie
4	1	1	1	36	0	3097	3162	478	49	-1	
5	1	1	1	36	1	3097	3166	143	45	77.771927	१४.४७
5	1	1	1	36	2	3264	3162	143	49	49.402542	१५१७,
5	1	1	1	36	3	3432	3162	143	49	64.974876	१७.४७.
4	1	1	1	37	0	3097	3236	298	49	-1	
5	1	1	1	37	1	3097	3236	143	49	73.449554	1६.१७
5	1	1	1	37	2	3260	3236	70	41	44.742756	२०.
5	1	1	1	37	3	3342	3236	53	41	44.742756	१७
4	1	1	1	38	0	3092	3379	524	49	-1	
5	1	1	1	38	1	3092	3379	115	49	62.411739	६.१०
5	1	1	1	38	2	3227	3383	119	45	52.512875	७.४
5	1	1	1	38	3	3366	3379	115	49	70.591553	९.००
5	1	1	1	38	4	3501	3379	115	49	70.485695	९३०
4	1	1	1	39	0	3097	3457	792	57	-1	
5	1	1	1	39	1	3097	3457	143	49	75.291229	११.००
5	1	1	1	39	2	3264	3457	143	49	45.871300	१२.१७
5	1	1	1	39	3	3432	3457	143	49	71.480148	१३.१७
5	1	1	1	39	4	3881	3506	8	8	28.863556	;
4	1	1	1	40	0	1527	3481	2800	98	-1	
5	1	1	1	40	1	1527	3497	119	66	93.091705	माहुर
5	1	1	1	40	2	1678	3526	9	8	93.091705	:
5	1	1	1	40	3	1891	3497	118	45	78.074356	८.००,
5	1	1	1	40	4	2030	3493	143	49	83.153252	१३.००,
5	1	1	1	40	5	2197	3493	131	41	84.223846	१३.३०
5	1	1	1	40	6	3097	3530	143	49	32.069252	3.90.
5	1	1	1	40	7	3264	3530	66	41	18.789154	इथ.
5	1	1	1	40	8	3432	3530	143	49	20.940536	pec
5	1	1	1	40	9	3697	3481	152	57	90.179932	लोणार
5	1	1	1	40	10	3881	3526	8	8	75.490402	:
5	1	1	1	40	11	4028	3493	143	49	36.986729	(१४.३०,
5	1	1	1	40	12	4196	3493	131	41	89.035919	१५.१७
4	1	1	1	41	0	3097	3608	126	41	-1	
5	1	1	1	41	1	3097	3608	126	41	72.358391	(६.३०
4	1	1	1	42	0	1519	3694	1557	65	-1	
5	1	1	1	42	1	1519	3694	356	65	81.213791	वणी
5	1	1	1	42	2	1662	3690	27	84	68.816711	:
5	1	1	1	42	3	1895	3706	143	49	48.118038	(88.30,
5	1	1	1	42	4	2063	3706	143	49	81.264404	१३.००,
5	1	1	1	42	5	2230	3706	143	49	91.841866	१६.००,
5	1	1	1	42	6	2455	3714	69	33	37.905769	co
5	1	1	1	42	7	2663	3690	280	84	12.821060	ARI:
5	1	1	1	42	8	2958	3690	122	84	9.762589	____।
4	1	1	1	43	0	1527	3992	2483	151	-1	
5	1	1	1	43	1	1527	4016	151	45	35.479706	दारव्हा
5	1	1	1	43	2	1707	4012	86	49	94.549202	(घा.
5	1	1	1	43	3	3689	3992	151	151	81.025337	लातुर
5	1	1	1	43	4	3868	3996	57	143	32.091553	:
5	1	1	1	43	5	3981	3992	29	151	38.794559	।
4	1	1	1	44	0	1527	4184	2599	106	-1	
5	1	1	1	44	1	1527	4188	94	57	52.452995	बोरी
5	1	1	1	44	2	1654	4188	180	61	95.848465	(सावनेर
5	1	1	1	44	3	2132	4241	29	37	29.814468	क
5	1	1	1	44	4	3693	4184	179	106	95.180046	हिंगोली
5	1	1	1	44	5	4102	4241	24	37	42.499866	i
4	1	1	1	45	0	1527	4225	2599	98	-1	
5	1	1	1	45	1	1527	4261	115	62	77.170151	मार्गे)
5	1	1	1	45	2	1662	4286	8	29	91.627975	:
5	1	1	1	45	3	1891	4237	118	49	55.577869	€.39,
5	1	1	1	45	4	2030	4237	143	49	85.552368	१४.४५,
5	1	1	1	45	5	2197	4237	131	41	93.899544	१९.३०
5	1	1	1	45	6	3697	4225	172	61	92.778999	हिंगोली
5	1	1	1	45	7	3902	4270	8	8	65.184761	:
5	1	1	1	45	8	4024	4237	102	41	26.472870	|॥६.४५
4	1	1	1	46	0	4024	4466	250	49	-1	
5	1	1	1	46	1	4024	4466	115	49	66.322632	७.३७,
5	1	1	1	46	2	4159	4466	115	49	87.916290	9.39,
4	1	1	1	47	0	4028	4543	278	45	-1	
5	1	1	1	47	1	4028	4543	131	37	77.696999	१०.१५
5	1	1	1	47	2	4192	4543	41	37	44.073410	ट॑.
5	1	1	1	47	3	4237	4543	69	45	45.079308	४५,
4	1	1	1	48	0	1556	4617	2783	65	-1	
5	1	1	1	48	1	1556	4678	8	4	70.087387	.
5	1	1	1	48	2	4028	4617	143	49	30.339760	fo.¥S
5	1	1	1	48	3	4196	4617	143	49	0.000000	2.45,
4	1	1	1	49	0	1527	4690	2812	50	-1	
5	1	1	1	49	1	1527	4695	53	36	93.151543	म.
5	1	1	1	49	2	1597	4695	180	45	84.632347	चव्हाळा
5	1	1	1	49	3	1809	4703	8	28	89.830383	:
5	1	1	1	49	4	1891	4690	118	50	38.840771	[८.३०
5	1	1	1	49	5	2030	4690	131	41	94.430656	१९.३०
5	1	1	1	49	6	4028	4690	143	50	79.986954	१३.३०
5	1	1	1	49	7	4196	4690	143	50	81.096512	११.००,
4	1	1	1	50	0	4028	4768	311	49	-1	
5	1	1	1	50	1	4028	4768	143	49	75.299805	१६.१७
5	1	1	1	50	2	4196	4768	143	49	92.211777	१६.३०,
4	1	1	1	51	0	4028	4842	311	49	-1	
5	1	1	1	51	1	4028	4842	143	49	70.841812	१७.४५,
5	1	1	1	51	2	4196	4842	143	49	79.873573	१८.००,
4	1	1	1	52	0	4028	4919	295	41	-1	
5	1	1	1	52	1	4028	4919	127	41	29.122787	८.3०
5	1	1	1	52	2	4196	4919	65	41	51.366386	(९
5	1	1	1	52	3	4269	4919	54	41	74.494843	3०
4	1	1	1	53	0	1527	5058	2796	61	-1	
5	1	1	1	53	1	1527	5058	70	53	89.278442	at
5	1	1	1	53	2	1625	5075	152	44	90.272743	दारव्हा
5	1	1	1	53	3	1809	5083	8	28	62.181469	:
5	1	1	1	53	4	1895	5075	127	32	46.808434	[34.00
5	1	1	1	53	5	4028	5070	143	49	94.784317	११.३०,
5	1	1	1	53	6	4196	5070	127	41	95.264572	१६.३०
4	1	1	1	54	0	3693	5136	764	65	-1	
5	1	1	1	54	1	3693	5136	315	65	16.840332	sf
5	1	1	1	54	2	4016	5136	441	65	11.560181	िडि
4	1	1	1	55	0	4024	5226	250	49	-1	
5	1	1	1	55	1	4024	5226	115	49	12.640762	टॅ.१५,
5	1	1	1	55	2	4159	5230	115	45	84.048706	9.00,
4	1	1	1	56	0	4028	5303	311	49	-1	
5	1	1	1	56	1	4028	5303	127	41	30.415070	fo.oa
5	1	1	1	56	2	4196	5303	65	41	48.520313	१०
5	1	1	1	56	3	4269	5303	70	49	70.882599	3०,
4	1	1	1	57	0	4028	5377	311	49	-1	
5	1	1	1	57	1	4028	5377	143	49	77.729126	११.००
5	1	1	1	57	2	4196	5377	65	41	77.729126	१२
5	1	1	1	57	3	4274	5377	65	49	64.530670	१७,
4	1	1	1	58	0	4028	5455	311	49	-1	
5	1	1	1	58	1	4028	5455	143	49	66.095016	१३.१७,
5	1	1	1	58	2	4196	5455	143	49	81.758057	१४.००,
4	1	1	1	59	0	4028	5528	311	49	-1	
5	1	1	1	59	1	4028	5528	143	49	60.849472	(७.३०
5	1	1	1	59	2	4196	5528	143	49	49.297596	(८.००,
4	1	1	1	60	0	4024	5606	131	41	-1	
5	1	1	1	60	1	4024	5606	58	41	58.851448	wo
5	1	1	1	60	2	4102	5614	53	24	38.775543	00
4	1	1	1	61	0	3693	5667	764	65	-1	
5	1	1	1	61	1	3693	5667	315	65	15.050461	a
5	1	1	1	61	2	3997	5663	7	84	11.164703	6
5	1	1	1	61	3	4016	5667	441	65	53.583855	|
4	1	1	1	62	0	4028	5757	299	41	-1	
5	1	1	1	62	1	4028	5757	127	41	37.135334	fo.30
5	1	1	1	62	2	4196	5757	65	41	83.378708	1४
5	1	1	1	62	3	4274	5757	53	41	69.898880	१७
4	1	1	1	63	0	3697	5777	642	53	-1	
5	1	1	1	63	1	3697	5794	58	36	96.554497	म.
5	1	1	1	63	2	3771	5777	82	53	87.406593	पीर
5	1	1	1	63	3	3885	5802	9	28	90.453102	:
4	1	1	1	64	0	3693	5741	315	143	-1	
5	1	1	1	64	1	3693	5741	315	143	70.847839	म.पीर
5	1	1	1	64	2	3885	5737	122	175	45.275620	:__
4	1	1	1	65	0	3697	5978	609	118	-1	
5	1	1	1	65	1	3697	5978	109	118	30.685654	ace
5	1	1	1	65	2	3812	5978	157	93	60.170780	साखर
5	1	1	1	65	3	4024	5982	115	49	45.650978	टॅ.3०
5	1	1	1	65	4	4163	5982	143	49	63.345467	११.१.
4	1	1	1	66	0	3718	6059	621	86	-1	
5	1	1	1	66	1	3718	6096	163	49	48.309406	कारेजा
5	1	1	1	66	2	3915	6112	1	4	69.435303	:
5	1	1	1	66	3	4028	6059	143	49	0.000000	१४-३०
5	1	1	1	66	4	4196	6059	143	49	75.705864	१६.९५,
4	1	1	1	67	0	3701	6096	454	78	-1	
5	1	1	1	67	1	3701	6096	13	49	83.013725	(
5	1	1	1	67	2	3906	6129	249	45	46.673729	nee
4	1	1	1	68	0	3697	6280	597	86	-1	
5	1	1	1	68	1	3697	6280	125	86	45.838924	seek
5	1	1	1	68	2	4024	6284	102	41	84.487839	€.39,
5	1	1	1	68	3	4163	6284	131	41	65.190651	82.30
4	1	1	1	69	0	3697	6308	609	54	-1	
5	1	1	1	69	1	3697	6308	123	54	29.515274	Saal
5	1	1	1	69	2	3849	6333	12	29	92.877945	:
4	1	1	1	70	0	3693	6272	315	143	-1	
5	1	1	1	70	1	3693	6272	315	143	50.610806	et
4	1	1	1	71	0	4016	6423	441	65	-1	
5	1	1	1	71	1	4016	6423	441	65	17.761353	a
4	1	1	1	72	0	3697	6500	233	58	-1	
5	1	1	1	72	1	3697	6500	233	58	82.644371	औरंगाबाद
4	1	1	1	73	0	4024	6550	266	49	-1	
5	1	1	1	73	1	4024	6554	102	36	76.833328	9.४५
5	1	1	1	73	2	4163	6550	127	40	54.558273	१०.३७
4	1	1	1	74	0	3701	6492	760	163	-1	
5	1	1	1	74	1	3701	6578	180	57	28.618256	(मैहकर])
5	1	1	1	74	2	3918	6599	8	28	88.062538	:
5	1	1	1	74	3	4012	6492	143	163	53.644260	9४५,
5	1	1	1	74	4	4175	6492	133	163	71.111870	१९३०
5	1	1	1	74	5	4327	6492	134	163	19.495689	___
4	1	1	1	75	0	3701	6799	728	85	-1	
5	1	1	1	75	1	3701	6799	145	85	81.407776	(रहाटी
5	1	1	1	75	2	4024	6815	115	49	88.983963	९.००,
5	1	1	1	75	3	4163	6815	143	49	81.552841	१७.३०,
5	1	1	1	75	4	4327	6815	102	41	89.571556	9.30
4	1	1	1	76	0	3697	6889	197	49	-1	
5	1	1	1	76	1	3697	6889	168	49	78.315941	कारजा]
5	1	1	1	76	2	3885	6901	9	28	92.751205	:
4	1	1	1	77	0	4977	7375	765	64	-1	
5	1	1	1	77	1	4977	7375	74	64	64.280533	CE
5	1	1	1	77	2	5095	7387	191	39	95.185837	Scanned
5	1	1	1	77	3	5302	7387	97	39	93.295700	with
5	1	1	1	77	4	5416	7389	124	37	92.271439	OKEN
5	1	1	1	77	5	5558	7390	184	36	96.833496	Scanner
